round,target_conc,hv_observed,ref_t,ref_o,pareto_size
1,1.0,2.0028882925840525,-0.20495225275884793,1.308627559280846,9
2,0.3,2.622690270257683,-0.848037292622293,1.283528939119956,11
3,0.1,3.6496944666847657,-1.9146777428677881,1.2831449721153119,14
